link,title,newspaper
https://v.daum.net/v/20210117090202840,"군사원조국서 '방산수출국' 우뚝.. ""첨단무기 多판다"" [이슈 속으로]",세계일보
https://v.daum.net/v/20210117070055928,"[사건의 재구성]""뭘 그런 일로 화내나"" 말에 살인자로 돌변한 옆집 남자",뉴스1
https://v.daum.net/v/20210117015101274,"한국 군사력 세계 6위, 北 28위..""유럽국 압도 이유는?""",이데일리
https://v.daum.net/v/20210117050019138,정치권 '공매도' 압박에 흔들리는 금융당국..백기 드나,뉴시스
https://v.daum.net/v/20210117070017903,[취재후] 쓰레기 쌓인 집 삼남매..사연은 이랬다,KBS
https://v.daum.net/v/20210117050102164,다이아면 목숨건다..어떤 나라든 전쟁터 만든 '푸틴의 셰프',중앙일보
https://v.daum.net/v/20210117070706992,[특파원 시선] 공화당의 뒤늦은 후회..미국 대통령제의 민낯?,연합뉴스
https://v.daum.net/v/20210117105922648,'트럼프 세상'은 끝나지 않았다,경향신문
https://v.daum.net/v/20210117055216409,코뼈 부러진 경비원..주민들은 '분노' 경찰은 '미적',YTN
https://v.daum.net/v/20210117093159256,"윤서인글 본 장준하子 ""대충 산 게 아니라 헛 산거 같아 슬프다""",뉴스1
https://v.daum.net/v/20210117070151943,"與, 검사 직급 낮추나..""초임 3급 지나치게 높아""",연합뉴스
https://v.daum.net/v/20210117073110097,'벼랑끝' 쌍용차 노조는 '무분규·단협 3년' 받아들일까,연합뉴스
https://v.daum.net/v/20210117051802260,남양주 6호선 변경에 주민들 반발..조응천과도 공방,노컷뉴스
https://v.daum.net/v/20210117082335441,"北 무기개발·열병식에 美 전문가들 ""속임수..20년 걸릴 것""",뉴시스
https://v.daum.net/v/20210117045825109,"美, 신규 확진·사망자 갈수록 '최악'..백신 접종은 지연",YTN
https://v.daum.net/v/20210117055245414,"확 바뀐 올해 수능..""겨울 방학 때 기본 개념 정리해야""",YTN
https://v.daum.net/v/20210117084423622,'국민 밉상' 된 트럼프의 계속 되는 굴욕,세계일보
https://v.daum.net/v/20210117080017231,"""검찰, 하태경 불기소 수사기록 공개하라""..문준용 승소",뉴시스
https://v.daum.net/v/20210117060054512,토하거나 되돌려 받거나..아는만큼 돈 되는 '연말정산 꿀팁',중앙일보
https://v.daum.net/v/20210117073051094,"영국, 올해 G7 정상회의에 문 대통령 초청 공식 발표",조선일보
https://v.daum.net/v/20210117062951713,"나이지리아 정규군, 보코하람과 총격전.. 수 십명 살해",뉴시스
https://v.daum.net/v/20210117063106732,노병의 귀환..재보선 맞아 서청원·김무성에 쏠리는 눈,연합뉴스
https://v.daum.net/v/20210117050018136,"3000선 위협받는 코스피, 반등 가능할까",뉴시스
https://v.daum.net/v/20210117011427148,"맨해튼 검찰, 퇴임 앞둔 트럼프 정조준..부동산으로 수사 확대",연합뉴스
https://v.daum.net/v/20210117070004892,'잃어버린 시대' 갇힌 일본..'한국 때리기'의 속내는 열등감,머니투데이
https://v.daum.net/v/20210117070032911,"한전공대, 대선공약 맞나?..정상 개교 '빨간불'",뉴시스
https://v.daum.net/v/20210117071816051,"바이든, '취임1일' 업무발표..논란의 트럼프정책들 취소",뉴시스
https://v.daum.net/v/20210117041102821,"""어머니가 눈 감기 전 외삼촌들·이모와 연락 닿게 도와주세요""",서울신문
https://v.daum.net/v/20210117060508595,"'총리 징크스' 스멀스멀..이낙연, 지지율 반등 급선무",연합뉴스
https://v.daum.net/v/20210117060106527,'뜨거운 감자' 공매도 정무위원 63% '묵묵부답'..'동학개미 눈치',뉴스1
